EnhetNivaa;Nasjonaltkode;Fylkekode;Organisasjonsnummer;Nasjonalt;Fylke;EnhetNavn;Utdanningstype;Trinn;År;Median dager;Median timer;Snitt dager;Snitt timer;Antall elever
1;I;0;I;Hele landet;Alle fylker;Alle skoler;Alle utdanningsprogram;Alle trinn;2023-24;4;19;7,8;27,7;163 931
2;I;39;39;Hele landet;Vestfold;Alle skoler;Alle utdanningsprogram;Alle trinn;2023-24;5;20;7,8;28,1;7 592
3;I;39;974575086;Hele landet;Vestfold;Færder videregående skole;Alle utdanningsprogram;Alle trinn;2023-24;5;11;7,7;17,1;598
3;I;39;990745277;Hele landet;Vestfold;Gjennestad videregående skole;Alle utdanningsprogram;Alle trinn;2023-24;7;14;9,5;19,1;125
3;I;39;974574993;Hele landet;Vestfold;Greveskogen videregående skole;Alle utdanningsprogram;Alle trinn;2023-24;5;26;8,4;33,9;761
3;I;39;874575062;Hele landet;Vestfold;Holmestrand videregående skole;Alle utdanningsprogram;Alle trinn;2023-24;7;23,5;12;31,3;196
3;I;39;923261354;Hele landet;Vestfold;Horten videregående skole;Alle utdanningsprogram;Alle trinn;2023-24;5;16;8,6;26,1;930
3;I;39;974575051;Hele landet;Vestfold;Melsom videregående skole;Alle utdanningsprogram;Alle trinn;2023-24;6;20;10,8;28,4;149
3;I;39;974575000;Hele landet;Vestfold;Nøtterøy videregående skole;Alle utdanningsprogram;Alle trinn;2023-24;5;24;8,2;31,3;540
3;I;39;874575232;Hele landet;Vestfold;Re videregående skole;Alle utdanningsprogram;Alle trinn;2023-24;4;16;6,2;23,6;748
3;I;39;974575116;Hele landet;Vestfold;Sande videregående skole;Alle utdanningsprogram;Alle trinn;2023-24;6;19;10,1;26,4;337
3;I;39;974575019;Hele landet;Vestfold;Sandefjord videregående skole;Alle utdanningsprogram;Alle trinn;2023-24;4;24;7,7;33,1;1 630
3;I;39;973488783;Hele landet;Vestfold;Skagerak International School Sti;Alle utdanningsprogram;Alle trinn;2023-24;4;19;6,7;24,9;55
3;I;39;973141805;Hele landet;Vestfold;Slottsfjellet videregående;Alle utdanningsprogram;Alle trinn;2023-24;6;16,5;10,4;18,1;50
3;I;39;974575027;Hele landet;Vestfold;Thor Heyerdahl videregående skole;Alle utdanningsprogram;Alle trinn;2023-24;3;19;6,5;27,8;1 279
3;I;39;995354071;Hele landet;Vestfold;Wang Tønsberg AS;Alle utdanningsprogram;Alle trinn;2023-24;2;16;4,2;24,9;194
1;I;0;I;Hele landet;Alle fylker;Alle skoler;Studieforberedende;Alle trinn;2023-24;4;21;7,4;29,3;104 425
2;I;39;39;Hele landet;Vestfold;Alle skoler;Studieforberedende;Alle trinn;2023-24;4;21;7,5;28,4;4 904
3;I;39;974575086;Hele landet;Vestfold;Færder videregående skole;Studieforberedende;Alle trinn;2023-24;7;15;8,9;20,3;205
3;I;39;990745277;Hele landet;Vestfold;Gjennestad videregående skole;Studieforberedende;Alle trinn;2023-24;8,5;27,5;14,3;34,8;20
3;I;39;974574993;Hele landet;Vestfold;Greveskogen videregående skole;Studieforberedende;Alle trinn;2023-24;5;26;8,3;33,2;590
3;I;39;874575062;Hele landet;Vestfold;Holmestrand videregående skole;Studieforberedende;Alle trinn;2023-24;7;22;11,4;26,9;149
3;I;39;923261354;Hele landet;Vestfold;Horten videregående skole;Studieforberedende;Alle trinn;2023-24;5;16;8,1;24,2;617
3;I;39;974575051;Hele landet;Vestfold;Melsom videregående skole;Studieforberedende;Alle trinn;2023-24;8;22;14;31,1;79
3;I;39;974575000;Hele landet;Vestfold;Nøtterøy videregående skole;Studieforberedende;Alle trinn;2023-24;5;24;7,6;31,9;446
3;I;39;874575232;Hele landet;Vestfold;Re videregående skole;Studieforberedende;Alle trinn;2023-24;4;18;5,9;24,1;478
3;I;39;974575116;Hele landet;Vestfold;Sande videregående skole;Studieforberedende;Alle trinn;2023-24;6;20;9,6;26,9;222
3;I;39;974575019;Hele landet;Vestfold;Sandefjord videregående skole;Studieforberedende;Alle trinn;2023-24;4;24;7,1;30,8;992
3;I;39;973488783;Hele landet;Vestfold;Skagerak International School Sti;Studieforberedende;Alle trinn;2023-24;4;19;6,7;24,9;55
3;I;39;973141805;Hele landet;Vestfold;Slottsfjellet videregående;Studieforberedende;Alle trinn;2023-24;6;16,5;10,4;18,1;50
3;I;39;974575027;Hele landet;Vestfold;Thor Heyerdahl videregående skole;Studieforberedende;Alle trinn;2023-24;3;20;6;29,9;807
3;I;39;995354071;Hele landet;Vestfold;Wang Tønsberg AS;Studieforberedende;Alle trinn;2023-24;2;16;4,2;24,9;194
1;I;0;I;Hele landet;Alle fylker;Alle skoler;Yrkesfag;Alle trinn;2023-24;5;15;8,6;24,7;59 506
2;I;39;39;Hele landet;Vestfold;Alle skoler;Yrkesfag;Alle trinn;2023-24;5;16;8,4;27,5;2 688
3;I;39;974575086;Hele landet;Vestfold;Færder videregående skole;Yrkesfag;Alle trinn;2023-24;5;10;7,1;15,5;393
3;I;39;990745277;Hele landet;Vestfold;Gjennestad videregående skole;Yrkesfag;Alle trinn;2023-24;6;12;8,6;16,1;105
3;I;39;974574993;Hele landet;Vestfold;Greveskogen videregående skole;Yrkesfag;Alle trinn;2023-24;5;22;8,8;36,2;171
3;I;39;874575062;Hele landet;Vestfold;Holmestrand videregående skole;Yrkesfag;Alle trinn;2023-24;8;28;14;45,1;47
3;I;39;923261354;Hele landet;Vestfold;Horten videregående skole;Yrkesfag;Alle trinn;2023-24;6;16;9,5;30;313
3;I;39;974575051;Hele landet;Vestfold;Melsom videregående skole;Yrkesfag;Alle trinn;2023-24;5;18;7,3;25,4;70
3;I;39;974575000;Hele landet;Vestfold;Nøtterøy videregående skole;Yrkesfag;Alle trinn;2023-24;9;22;11;28,4;94
3;I;39;874575232;Hele landet;Vestfold;Re videregående skole;Yrkesfag;Alle trinn;2023-24;3,5;15,5;6,6;22,7;270
3;I;39;974575116;Hele landet;Vestfold;Sande videregående skole;Yrkesfag;Alle trinn;2023-24;6;16;11,1;25,4;115
3;I;39;974575019;Hele landet;Vestfold;Sandefjord videregående skole;Yrkesfag;Alle trinn;2023-24;5;26;8,7;36,8;638
3;I;39;973488783;Hele landet;Vestfold;Skagerak International School Sti;Yrkesfag;Alle trinn;2023-24;;;;;
3;I;39;973141805;Hele landet;Vestfold;Slottsfjellet videregående;Yrkesfag;Alle trinn;2023-24;;;;;
3;I;39;974575027;Hele landet;Vestfold;Thor Heyerdahl videregående skole;Yrkesfag;Alle trinn;2023-24;4;16;7,4;24,1;472
3;I;39;995354071;Hele landet;Vestfold;Wang Tønsberg AS;Yrkesfag;Alle trinn;2023-24;;;;;
