EnhetNivaa;Nasjonaltkode;Fylkekode;Organisasjonsnummer;Nasjonalt;Fylke;EnhetNavn;Utdanningstype;Trinn;År;Median dager;Median timer;Snitt dager;Snitt timer;Antall elever;;;;;;2024-25.Alle eierformer.Alle kjønn.Yrkesfaglig.Alle utdanningsprogram.Vitnemålsfravær.Median dager;2024-25.Alle eierformer.Alle kjønn.Yrkesfaglig.Alle utdanningsprogram.Vitnemålsfravær.Median timer;2024-25.Alle eierformer.Alle kjønn.Yrkesfaglig.Alle utdanningsprogram.Vitnemålsfravær.Snitt dager;2024-25.Alle eierformer.Alle kjønn.Yrkesfaglig.Alle utdanningsprogram.Vitnemålsfravær.Snitt timer;2024-25.Alle eierformer.Alle kjønn.Yrkesfaglig.Alle utdanningsprogram.Vitnemålsfravær.Antall elever
1;I;0;I;Hele landet;Alle fylker;Alle skoler;Alle utdanningsprogram;Vg2;2024-25;5;21;8,8;30,1;58 221;;;;;;;;;;
2;I;39;39;Hele landet;Vestfold;Alle skoler;Alle utdanningsprogram;Vg2;2024-25;5;22;8,1;29,3;2 625;;;;;;;;;;
3;I;39;974575086;Hele landet;Vestfold;Færder videregående skole;Alle utdanningsprogram;Vg2;2024-25;5;10;7,4;18,3;203;;;;;;;;;;
3;I;39;990745277;Hele landet;Vestfold;Gjennestad videregående skole;Alle utdanningsprogram;Vg2;2024-25;8;17;11,6;19,2;49;;;;;;;;;;
3;I;39;974574993;Hele landet;Vestfold;Greveskogen videregående skole;Alle utdanningsprogram;Vg2;2024-25;6;25,5;8,8;34,1;292;;;;;;;;;;
3;I;39;874575062;Hele landet;Vestfold;Holmestrand videregående skole;Alle utdanningsprogram;Vg2;2024-25;*;*;*;*;*;;;;;;;;;;
3;I;39;923261354;Hele landet;Vestfold;Horten videregående skole;Alle utdanningsprogram;Vg2;2024-25;6;21;8,7;30,1;333;;;;;;;;;;
3;I;39;974575051;Hele landet;Vestfold;Melsom videregående skole;Alle utdanningsprogram;Vg2;2024-25;*;*;*;*;*;;;;;;;;;;
3;I;39;974575000;Hele landet;Vestfold;Nøtterøy videregående skole;Alle utdanningsprogram;Vg2;2024-25;5;26;9;31,3;171;;;;;;;;;;
3;I;39;874575232;Hele landet;Vestfold;Re videregående skole;Alle utdanningsprogram;Vg2;2024-25;3;20;6,3;26,2;251;;;;;;;;;;
3;I;39;974575116;Hele landet;Vestfold;Sande videregående skole;Alle utdanningsprogram;Vg2;2024-25;8;19;10,5;23,9;126;;;;;;;;;;
3;I;39;974575019;Hele landet;Vestfold;Sandefjord videregående skole;Alle utdanningsprogram;Vg2;2024-25;5;25;8,5;34,8;554;;;;;;;;;;
3;I;39;973141805;Hele landet;Vestfold;Slottsfjellet videregående;Alle utdanningsprogram;Vg2;2024-25;7;17;9,6;21,8;20;;;;;;;;;;
3;I;39;974575027;Hele landet;Vestfold;Thor Heyerdahl videregående skole;Alle utdanningsprogram;Vg2;2024-25;4;20;6,2;26,8;448;;;;;;;;;;
3;I;39;995354071;Hele landet;Vestfold;Wang Tønsberg AS;Alle utdanningsprogram;Vg2;2024-25;2;20;3;26,4;68;;;;;;;;;;
1;I;0;I;Hele landet;Alle fylker;Alle skoler;Studieforberedende;Vg2;2024-25;5;26;8,3;34,8;31 420;;;;;;;;;;
2;I;39;39;Hele landet;Vestfold;Alle skoler;Studieforberedende;Vg2;2024-25;5;25;7,3;32,2;1 420;;;;;;;;;;
3;I;39;974575086;Hele landet;Vestfold;Færder videregående skole;Studieforberedende;Vg2;2024-25;*;*;*;*;*;;;;;;;;;;
3;I;39;990745277;Hele landet;Vestfold;Gjennestad videregående skole;Studieforberedende;Vg2;2024-25;;;;;;;;;;;;;;;
3;I;39;974574993;Hele landet;Vestfold;Greveskogen videregående skole;Studieforberedende;Vg2;2024-25;6;31;7,8;38;209;;;;;;;;;;
3;I;39;874575062;Hele landet;Vestfold;Holmestrand videregående skole;Studieforberedende;Vg2;2024-25;*;*;*;*;*;;;;;;;;;;
3;I;39;923261354;Hele landet;Vestfold;Horten videregående skole;Studieforberedende;Vg2;2024-25;*;*;*;*;*;;;;;;;;;;
3;I;39;974575051;Hele landet;Vestfold;Melsom videregående skole;Studieforberedende;Vg2;2024-25;*;*;*;*;*;;;;;;;;;;
3;I;39;974575000;Hele landet;Vestfold;Nøtterøy videregående skole;Studieforberedende;Vg2;2024-25;*;*;*;*;*;;;;;;;;;;
3;I;39;874575232;Hele landet;Vestfold;Re videregående skole;Studieforberedende;Vg2;2024-25;4;22;6,9;28,1;134;;;;;;;;;;
3;I;39;974575116;Hele landet;Vestfold;Sande videregående skole;Studieforberedende;Vg2;2024-25;8;22;10,3;28,1;69;;;;;;;;;;
3;I;39;974575019;Hele landet;Vestfold;Sandefjord videregående skole;Studieforberedende;Vg2;2024-25;5;28;7,7;35,5;290;;;;;;;;;;
3;I;39;973141805;Hele landet;Vestfold;Slottsfjellet videregående;Studieforberedende;Vg2;2024-25;7;17;9,6;21,8;20;;;;;;;;;;
3;I;39;974575027;Hele landet;Vestfold;Thor Heyerdahl videregående skole;Studieforberedende;Vg2;2024-25;3;25;4,6;31,9;234;;;;;;;;;;
3;I;39;995354071;Hele landet;Vestfold;Wang Tønsberg AS;Studieforberedende;Vg2;2024-25;2;20;3;26,4;68;;;;;;;;;;
1;I;0;I;Hele landet;Alle fylker;Alle skoler;Yrkesfag;Vg2;2024-25;5;16;9,5;24,6;26 801;;;;;;;;;;
2;I;39;39;Hele landet;Vestfold;Alle skoler;Yrkesfag;Vg2;2024-25;5;18;9,1;25,9;1 205;;;;;;;;;;
3;I;39;974575086;Hele landet;Vestfold;Færder videregående skole;Yrkesfag;Vg2;2024-25;*;*;*;*;*;;;;;;;;;;
3;I;39;990745277;Hele landet;Vestfold;Gjennestad videregående skole;Yrkesfag;Vg2;2024-25;8;17;11,6;19,2;49;;;;;;;;;;
3;I;39;974574993;Hele landet;Vestfold;Greveskogen videregående skole;Yrkesfag;Vg2;2024-25;7;16;11,3;24,3;83;;;;;;;;;;
3;I;39;874575062;Hele landet;Vestfold;Holmestrand videregående skole;Yrkesfag;Vg2;2024-25;*;*;*;*;*;;;;;;;;;;
3;I;39;923261354;Hele landet;Vestfold;Horten videregående skole;Yrkesfag;Vg2;2024-25;*;*;*;*;*;;;;;;;;;;
3;I;39;974575051;Hele landet;Vestfold;Melsom videregående skole;Yrkesfag;Vg2;2024-25;*;*;*;*;*;;;;;;;;;;
3;I;39;974575000;Hele landet;Vestfold;Nøtterøy videregående skole;Yrkesfag;Vg2;2024-25;*;*;*;*;*;;;;;;;;;;
3;I;39;874575232;Hele landet;Vestfold;Re videregående skole;Yrkesfag;Vg2;2024-25;2;18;5,7;24;117;;;;;;;;;;
3;I;39;974575116;Hele landet;Vestfold;Sande videregående skole;Yrkesfag;Vg2;2024-25;8;12;10,8;18,9;57;;;;;;;;;;
3;I;39;974575019;Hele landet;Vestfold;Sandefjord videregående skole;Yrkesfag;Vg2;2024-25;5;24;9,3;34,1;264;;;;;;;;;;
3;I;39;973141805;Hele landet;Vestfold;Slottsfjellet videregående;Yrkesfag;Vg2;2024-25;;;;;;;;;;;;;;;
3;I;39;974575027;Hele landet;Vestfold;Thor Heyerdahl videregående skole;Yrkesfag;Vg2;2024-25;5;14,5;7,9;21,3;214;;;;;;;;;;
3;I;39;995354071;Hele landet;Vestfold;Wang Tønsberg AS;Yrkesfag;Vg2;2024-25;;;;;;;;;;;;;;;
