EnhetNivaa;Nasjonaltkode;Fylkekode;Organisasjonsnummer;Nasjonalt;Fylke;EnhetNavn;2018-19.Alle eierformer.Alle trinn.Alle kjønn.Andel sluttet;2018-19.Alle eierformer.Vg1.Alle kjønn.Andel sluttet;2018-19.Alle eierformer.Vg2.Alle kjønn.Andel sluttet;2018-19.Alle eierformer.Vg3.Alle kjønn.Andel sluttet
1;I;0;I;Hele landet;Alle fylker;Alle skoler;3,1;4;2,8;2,4
2;I;7;7;Hele landet;Vestfold ( - 2019);Alle skoler;2,7;3,4;2,4;2
3;I;7;974575086;Hele landet;Vestfold ( - 2019);Færder videregående skole;4,5;4,8;5,3;3,1
3;I;7;990745277;Hele landet;Vestfold ( - 2019);Gjennestad videregående skole;5,3;*;*;*
3;I;7;974574993;Hele landet;Vestfold ( - 2019);Greveskogen videregående skole;1,9;2,7;1,7;1
3;I;7;874575062;Hele landet;Vestfold ( - 2019);Holmestrand videregående skole;3,4;*;*;*
3;I;7;974574985;Hele landet;Vestfold ( - 2019);Horten videregående skole avd Bekkegata (Nedlagt);4;6,3;*;*
3;I;7;994309153;Hele landet;Vestfold ( - 2019);Kompetansebyggeren;*;0;*;0
3;I;7;974575051;Hele landet;Vestfold ( - 2019);Melsom videregående skole;2,8;*;*;*
3;I;7;974575000;Hele landet;Vestfold ( - 2019);Nøtterøy videregående skole;1,8;*;*;*
3;I;7;874575232;Hele landet;Vestfold ( - 2019);Re videregående skole;*;*;*;*
3;I;7;974575116;Hele landet;Vestfold ( - 2019);Sande videregående skole;*;*;0;0,7
3;I;7;974575019;Hele landet;Vestfold ( - 2019);Sandefjord videregående skole;2,9;3,7;3,2;1,4
3;I;7;998666783;Hele landet;Vestfold ( - 2019);Signo Grunn- og videregående skole AS;*;*;;
3;I;7;973488783;Hele landet;Vestfold ( - 2019);Skagerak International School Sti;*;*;*;0
3;I;7;973141805;Hele landet;Vestfold ( - 2019);Slottsfjellet videregående;*;0;*;0
3;I;7;974575027;Hele landet;Vestfold ( - 2019);Thor Heyerdahl videregående skole;2,8;3,3;1,5;3,9
3;I;7;995354071;Hele landet;Vestfold ( - 2019);Wang Tønsberg AS;*;*;*;0
