EnhetNivaa;Nasjonaltkode;Fylkekode;Organisasjonsnummer;Nasjonalt;Fylke;EnhetNavn;2021-22.Alle eierformer.Alle trinn.Alle kjønn.Andel sluttet;2021-22.Alle eierformer.Vg1.Alle kjønn.Andel sluttet;2021-22.Alle eierformer.Vg2.Alle kjønn.Andel sluttet;2021-22.Alle eierformer.Vg3.Alle kjønn.Andel sluttet
1;I;0;I;Hele landet;Alle fylker;Alle skoler;5,5;6,6;4,3;3,6
2;I;38;38;Hele landet;Vestfold og Telemark (2020 - 2023);Alle skoler;5,7;6,7;4,5;4,2
3;I;38;974575086;Hele landet;Vestfold og Telemark (2020 - 2023);Færder videregående skole;8,6;*;10,6;*
3;I;38;990745277;Hele landet;Vestfold og Telemark (2020 - 2023);Gjennestad videregående skole;*;*;*;
3;I;38;974574993;Hele landet;Vestfold og Telemark (2020 - 2023);Greveskogen videregående skole;3,6;*;*;
3;I;38;874575062;Hele landet;Vestfold og Telemark (2020 - 2023);Holmestrand videregående skole;7,3;9,5;0;
3;I;38;923261354;Hele landet;Vestfold og Telemark (2020 - 2023);Horten videregående skole;6,8;*;6,8;*
3;I;38;994309153;Hele landet;Vestfold og Telemark (2020 - 2023);Kompetansebyggeren;*;0;;*
3;I;38;974575051;Hele landet;Vestfold og Telemark (2020 - 2023);Melsom videregående skole;*;8,5;*;0
3;I;38;974575000;Hele landet;Vestfold og Telemark (2020 - 2023);Nøtterøy videregående skole;5,2;10,5;1,6;0
3;I;38;874575232;Hele landet;Vestfold og Telemark (2020 - 2023);Re videregående skole;3,2;1,4;4,8;
3;I;38;974575116;Hele landet;Vestfold og Telemark (2020 - 2023);Sande videregående skole;*;*;*;
3;I;38;974575019;Hele landet;Vestfold og Telemark (2020 - 2023);Sandefjord videregående skole;7,8;*;*;*
3;I;38;998666783;Hele landet;Vestfold og Telemark (2020 - 2023);Signo Grunn- og videregående skole AS;*;*;;
3;I;38;974575027;Hele landet;Vestfold og Telemark (2020 - 2023);Thor Heyerdahl videregående skole;4,9;6;3,5;
