EnhetNivaa;Nasjonaltkode;Fylkekode;Organisasjonsnummer;Nasjonalt;Fylke;EnhetNavn;2022-23.Alle eierformer.Alle trinn.Alle kjønn.Andel sluttet;2022-23.Alle eierformer.Vg1.Alle kjønn.Andel sluttet;2022-23.Alle eierformer.Vg2.Alle kjønn.Andel sluttet;2022-23.Alle eierformer.Vg3.Alle kjønn.Andel sluttet
1;I;0;I;Hele landet;Alle fylker;Alle skoler;1,8;1,8;1,3;2,2
2;I;38;38;Hele landet;Vestfold og Telemark (2020 - 2023);Alle skoler;1,5;1,6;*;*
3;I;38;974575086;Hele landet;Vestfold og Telemark (2020 - 2023);Færder videregående skole;2,7;0;0;4
3;I;38;990745277;Hele landet;Vestfold og Telemark (2020 - 2023);Gjennestad videregående skole;*;;;*
3;I;38;974574993;Hele landet;Vestfold og Telemark (2020 - 2023);Greveskogen videregående skole;1,3;2,6;1;0
3;I;38;874575062;Hele landet;Vestfold og Telemark (2020 - 2023);Holmestrand videregående skole;2,4;0;0;6,1
3;I;38;923261354;Hele landet;Vestfold og Telemark (2020 - 2023);Horten videregående skole;1,4;*;*;1,1
3;I;38;994309153;Hele landet;Vestfold og Telemark (2020 - 2023);Kompetansebyggeren;*;;;*
3;I;38;974575051;Hele landet;Vestfold og Telemark (2020 - 2023);Melsom videregående skole;*;*;*;*
3;I;38;974575000;Hele landet;Vestfold og Telemark (2020 - 2023);Nøtterøy videregående skole;*;*;0;0
3;I;38;874575232;Hele landet;Vestfold og Telemark (2020 - 2023);Re videregående skole;*;0;*;*
3;I;38;974575116;Hele landet;Vestfold og Telemark (2020 - 2023);Sande videregående skole;*;*;*;*
3;I;38;974575019;Hele landet;Vestfold og Telemark (2020 - 2023);Sandefjord videregående skole;1,4;2,1;*;*
3;I;38;998666783;Hele landet;Vestfold og Telemark (2020 - 2023);Signo Grunn- og videregående skole AS;0;0;;
3;I;38;973488783;Hele landet;Vestfold og Telemark (2020 - 2023);Skagerak International School Sti;3,7;*;*;0
3;I;38;973141805;Hele landet;Vestfold og Telemark (2020 - 2023);Slottsfjellet videregående;*;0;*;*
3;I;38;974575027;Hele landet;Vestfold og Telemark (2020 - 2023);Thor Heyerdahl videregående skole;1,5;*;*;1,3
3;I;38;995354071;Hele landet;Vestfold og Telemark (2020 - 2023);Wang Tønsberg AS;*;*;*;*
