Gruppe / kommune,Kommune-nummer,Innb. totalt pr. 1. januar,Besøk totalt,Besøk pr. innb.,Arr. totalt,Arr. frammøtte,Arr. frammøtte pr. 100 innb.,Egne arr. totalt,Egne arr. frammøtte,Egne arr. frammøtte pr. 100 innb.,Eksternes arr. totalt,Eksternes arr. frammøtte,Eksternes arr frammøtte pr. 100 innb.
"Norge,,5 550 203,26 836 534,""4,8"",73 450,1 878 049,34,64 695,1 646 642,30,8 755,231 407,4"
"Østfold,31,312 152,990 100,""3,2"",3 670,88 322,28,3 182,75 952,24,488,12 370,4"
"Akershus,32,728 803,3 061 121,""4,2"",7 372,185 061,25,6 807,173 051,24,565,12 010,2"
Oslo,3,717 710,5 748 792,8,11 811,302 684,42,11 590,295 503,41,221,7 181,1
"Innlandet,34,376 304,1 526 375,""4,1"",5 556,140 657,37,4 895,128 115,34,661,12 542,3"
"Buskerud,33,269 819,1 689 030,""6,3"",4 491,107 952,40,3 977,94 358,35,514,13 594,5"
"Vestfold,39,256 432,1 077 497,""4,2"",2 529,64 111,25,1 959,51 015,20,570,13 096,5"
"Telemark,40,177 093,596 645,""3,4"",1 555,48 230,27,1 371,44 159,25,184,4 071,2"
"Agder,42,319 850,1 424 051,""4,5"",2 636,72 197,23,2 216,60 916,19,420,11 281,4"
"Rogaland,11,499 417,2 874 354,""5,8"",6 617,208 395,42,5 425,179 656,36,1 192,28 739,6"
"Vestland,46,651 299,2 432 422,""3,7"",8 557,198 366,30,7 367,173 213,27,1 190,25 153,4"
"Møre og Romsdal,15,270 624,846 646,""3,1"",3 366,72 326,27,2 921,63 547,23,445,8 779,3"
"Trøndelag,50,482 956,2 310 977,""4,8"",6 673,164 966,34,5 957,142 961,30,716,22 005,5"
"Nordland,18,243 081,1 158 113,""4,8"",4 261,116 449,48,3 520,90 560,37,741,25 889,11"
"Troms,55,169 610,824 932,""4,9"",2 801,76 568,45,2 319,46 861,28,482,29 707,18"
"Finnmark,56,75 053,244 290,""3,3"",1 364,26 645,36,1 042,21 992,29,322,4 653,6"
"Svalbard,21,2 617,31 189,""11,9"",191,5 120,196,147,4 783,183,44,337,13"
300 000 og over,,717 710,5 748 792,8,11 811,302 684,42,11 590,295 503,41,221,7 181,1
"50 000-299 999,,1 945 768,8 910 639,""4,6"",20 207,547 711,28,17 535,468 825,24,2 672,78 886,4"
30 000-49 999,,618 508,2 487 499,4,7 068,200 187,32,6 115,170 439,28,953,29 748,5
20 000-29 999,,710 935,3 524 618,5,8 762,246 168,35,7 473,201 021,28,1 289,45 147,6
"10 000-19 999,,658 525,2 739 236,""4,2"",7 896,208 238,32,6 729,183 413,28,1 167,24 825,4"
"5 000-9 999,,494 557,1 893 925,""3,8"",6 776,163 187,33,5 615,143 606,29,1 161,19 581,4"
2 000-4 999,,310 783,1 235 529,4,7 005,147 121,47,6 147,127 913,41,858,19 208,6
"Under 2000,,96 034,296 296,""3,1"",3 925,62 753,65,3 491,55 922,58,434,6 831,7"
"KOSTRA-gruppe 1,,278 426,916 248,""3,3"",3 648,85 731,31,2 987,74 538,27,661,11 193,4"
"KOSTRA-gruppe 2,,117 630,516 707,""4,4"",1 687,47 263,40,1 348,42 137,36,339,5 126,4"
"KOSTRA-gruppe 3,,48 095,195 557,""4,1"",1 040,26 969,56,899,18 630,39,141,8 339,17"
"KOSTRA-gruppe 4,,149 001,668 691,""4,5"",3 153,64 784,43,2 914,59 610,40,239,5 174,3"
"KOSTRA-gruppe 5,,117 172,500 372,""4,3"",2 140,40 999,35,1 916,38 182,33,224,2 817,2"
KOSTRA-gruppe 6,,88 701,261 807,3,1 587,34 497,39,1 300,29 515,33,287,4 982,6
KOSTRA-gruppe 7,,582 955,2 315 295,4,5 988,151 146,26,5 520,140 768,24,468,10 378,2
"KOSTRA-gruppe 8,,157 869,840 576,""5,3"",3 197,84 290,53,2 487,69 736,44,710,14 554,9"
"KOSTRA-gruppe 9,,658 781,3 187 983,""4,8"",7 741,226 387,34,6 401,179 765,27,1 340,46 622,7"
"KOSTRA-gruppe 10,,493 293,2 014 052,""4,1"",5 561,166 593,34,4 908,142 798,29,653,23 795,5"
"KOSTRA-gruppe 11,,592 198,2 230 772,""3,8"",5 856,162 798,27,4 769,138 336,23,1 087,24 462,4"
"KOSTRA-gruppe 12,,1 448 640,7 073 314,""4,9"",15 590,411 090,28,13 767,352 295,24,1 823,58 795,4"
KOSTRA-gruppe 13,,717 710,5 748 792,8,11 811,302 684,42,11 590,295 503,41,221,7 181,1
"KOSTRA-gruppe 14,,36 309,137 049,""3,8"",1 443,24 709,68,1 329,22 811,63,114,1 898,5"
"KOSTRA-gruppe 15,,45 360,120 685,""2,7"",2 008,31 434,69,1 790,27 943,62,218,3 491,8"
"KOSTRA-gruppe 16,,3 687,14 294,""3,9"",207,2 738,74,166,2 318,63,41,420,11"
"KOSTRA-gruppe 17,,14 376,63 151,""4,4"",602,8 817,61,457,6 974,49,145,1 843,13"
"Halden,3 101,31 935,145 875,""4,6"",439,9 915,31,300,7 643,24,139,2 272,7"
"Moss,3 103,52 051,180 000,""3,5"",673,15 330,29,438,13 410,26,235,1 920,4"
"Sarpsborg,3 105,59 771,89 072,""1,5"",339,8 491,14,310,7 799,13,29,692,1"
"Fredrikstad,3 107,85 230,239 337,""2,8"",788,23 391,27,747,16 626,20,41,6 765,8"
"Hvaler,3 110,4 787,10 509,""2,2"",15,1 680,35,15,1 680,35,,,"
"Råde,3 112,7 883,17 090,""2,2"",26,824,10,25,820,10,1,4,0"
"Våler (Østfold),3 114,6 145,3 890,""0,6"",1,,,1,,,,,"
"Skiptvet,3 116,3 919,12 781,""3,3"",171,2 809,72,153,2 485,63,18,324,8"
"Indre Østfold,3 118,47 006,239 003,""5,1"",994,20 051,43,991,19 948,42,3,103,0"
"Rakkestad,3 120,8 420,26 305,""3,1"",120,3 610,43,100,3 385,40,20,225,3"
"Marker,3 122,3 658,18 508,""5,1"",93,2 071,57,91,2 006,55,2,65,2"
"Aremark,3 124,1 347,7 730,""5,7"",11,150,11,11,150,11,,,"
"Bærum,3 201,130 921,507 509,""3,9"",651,18 736,14,635,17 990,14,16,746,1"
Asker,3 203,98 815,495 292,5,1 395,33 037,33,1 383,32 906,33,12,131,0
"Lillestrøm,3 205,94 201,459 470,""4,9"",1 160,29 446,31,1 053,25 871,27,107,3 575,4"
"Nordre Follo,3 207,63 560,289 794,""4,6"",765,16 792,26,603,14 339,23,162,2 453,4"
"Ullensaker,3 209,43 814,202 312,""4,6"",398,13 088,30,362,11 526,26,36,1 562,4"
"Nesodden,3 212,20 521,182 639,""8,9"",405,6 271,31,399,6 181,30,6,90,0"
"Frogn,3 214,16 244,40 007,""2,5"",95,1 360,8,73,1 109,7,22,251,2"
"Vestby,3 216,19 493,120 576,""6,2"",50,1 382,7,37,1 023,5,13,359,2"
"Ås,3 218,22 005,119 524,""5,4"",372,7 459,34,293,6 436,29,79,1 023,5"
"Enebakk,3 220,11 482,10 482,""0,9"",164,2 003,17,164,2 003,17,,,"
"Lørenskog,3 222,48 188,149 183,""3,1"",344,7 074,15,344,7 074,15,,,"
"Rælingen,3 224,20 099,70 846,""3,5"",94,2 762,14,94,2 762,14,,,"
"Aurskog-Høland,3 226,18 058,40 314,""2,2"",47,1 119,6,47,1 119,6,,,"
"Nes,3 228,24 645,66 894,""2,7"",163,11 582,47,156,11 442,46,7,140,1"
Gjerdrum,3 230,7 398,,,76,1 740,24,63,1 554,21,13,186,3
"Nittedal,3 232,25 882,92 130,""3,6"",330,9 485,37,258,8 456,33,72,1 029,4"
"Lunner,3 234,9 357,29 019,""3,1"",58,1 524,16,54,1 424,15,4,100,1"
"Jevnaker,3 236,7 037,17 726,""2,5"",55,2 378,34,46,2 294,33,9,84,1"
"Nannestad,3 238,16 126,73 435,""4,6"",167,6 035,37,167,6 035,37,,,"
"Eidsvoll,3 240,27 916,68 969,""2,5"",65,2 849,10,62,2 672,10,3,177,1"
"Hurdal,3 242,3 041,25 000,""8,2"",518,8 939,294,514,8 835,291,4,104,3"
Oslo kommune,301,717 710,5 748 792,8,11 811,302 684,42,11 590,295 503,41,221,7 181,1
"Kongsvinger,3 401,18 058,103 761,""5,7"",186,2 438,14,122,1 698,9,64,740,4"
"Hamar,3 403,32 879,179 708,""5,5"",228,9 685,29,219,7 579,23,9,2 106,6"
"Lillehammer,3 405,28 768,171 041,""5,9"",368,12 487,43,368,12 484,43,,3,0"
"Gjøvik,3 407,30 903,88 467,""2,9"",305,8 050,26,289,7 681,25,16,369,1"
"Ringsaker,3 411,35 612,120 505,""3,4"",445,13 618,38,438,12 687,36,7,931,3"
"Løten,3 412,7 929,28 784,""3,6"",113,1 750,22,50,1 355,17,63,395,5"
"Stange,3 413,21 605,55 920,""2,6"",80,2 403,11,65,1 913,9,15,490,2"
"Nord-Odal,3 414,4 992,34 647,""6,9"",133,3 019,60,75,1 885,38,58,1 134,23"
"Sør-Odal,3 415,8 112,29 053,""3,6"",54,1 128,14,46,648,8,8,480,6"
"Eidskog,3 416,6 040,33 325,""5,5"",80,2 376,39,57,1 736,29,23,640,11"
"Grue,3 417,4 532,7 986,""1,8"",42,869,19,36,869,19,6,,"
"Åsnes,3 418,7 339,26 328,""3,6"",86,2 793,38,73,2 728,37,13,65,1"
"Våler (Innlandet),3 419,3 615,34 874,""9,6"",513,8 097,224,479,7 609,210,34,488,13"
Elverum,3 420,21 761,64 609,3,165,5 019,23,165,5 019,23,,,
Trysil,3 421,6 566,20 000,3,85,3 000,46,77,2 700,41,8,300,5
"Åmot,3 422,4 289,30 907,""7,2"",23,1 206,28,23,1 206,28,,,"
"Stor-Elvdal,3 423,2 276,21 122,""9,3"",7,129,6,7,129,6,,,"
"Rendalen,3 424,1 837,4 870,""2,7"",40,745,41,37,685,37,3,60,3"
"Engerdal,3 425,1 361,1 811,""1,3"",16,108,8,11,86,6,5,22,2"
Tolga,3 426,1 604,4 740,3,162,3 047,190,161,2 897,181,1,150,9
"Tynset,3 427,5 692,48 774,""8,6"",89,2 988,52,60,2 813,49,29,175,3"
"Alvdal,3 428,2 526,17 072,""6,8"",83,914,36,73,821,33,10,93,4"
"Folldal,3 429,1 532,6 681,""4,4"",62,1 629,106,60,1 572,103,2,57,4"
"Os,3 430,1 891,8 353,""4,4"",271,4 443,235,269,4 288,227,2,155,8"
Dovre,3 431,2 503,12 460,5,44,1 795,72,41,1 551,62,3,244,10
"Lesja,3 432,1 983,7 044,""3,6"",16,364,18,15,304,15,1,60,3"
"Skjåk,3 433,2 141,15 400,""7,2"",43,1 272,59,41,1 172,55,2,100,5"
"Lom,3 434,2 212,14 676,""6,6"",45,1 423,64,45,1 423,64,,,"
"Vågå,3 435,3 531,5 902,""1,7"",54,1 083,31,54,1 083,31,,,"
"Nord-Fron,3 436,5 586,16 060,""2,9"",49,1 669,30,48,1 589,28,1,80,1"
"Sel,3 437,5 756,29 478,""5,1"",195,2 400,42,181,2 295,40,14,105,2"
"Sør-Fron,3 438,3 119,2 750,""0,9"",55,1 071,34,55,1 071,34,,,"
"Ringebu,3 439,4 413,12 940,""2,9"",122,3 636,82,122,3 636,82,,,"
"Øyer,3 440,5 124,16 146,""3,2"",212,1 711,33,43,477,9,169,1 234,24"
Gausdal,3 441,6 177,,,19,1 050,17,19,1 050,17,,,
"Østre Toten,3 442,14 840,62 008,""4,2"",233,9 036,61,219,8 294,56,14,742,5"
"Vestre Toten,3 443,13 691,34 812,""2,5"",162,8 739,64,137,8 390,61,25,349,3"
Gran,3 446,13 593,68 451,5,220,4 507,33,219,4 497,33,1,10,0
"Søndre Land,3 447,5 587,13 502,""2,4"",77,1 572,28,73,1 476,26,4,96,2"
"Nordre Land,3 448,6 510,9 926,""1,5"",7,183,3,7,183,3,,,"
"Sør-Aurdal,3 449,2 836,6 516,""2,3"",70,422,15,42,345,12,28,77,3"
Etnedal,3 450,1 366,,,3,85,6,3,85,6,,,
"Nord-Aurdal,3 451,6 562,18 563,""2,8"",84,1 751,27,84,1 751,27,,,"
"Vestre Slidre,3 452,2 112,5 358,""2,5"",19,432,20,14,341,16,5,91,4"
"Øystre Slidre,3 453,3 298,19 277,""5,8"",21,1 021,31,21,1 021,31,,,"
"Vang,3 454,1 645,11 768,""7,2"",170,3 494,212,152,2 993,182,18,501,30"
"Drammen,3 301,104 487,566 178,""5,4"",1 713,39 925,38,1 552,36 240,35,161,3 685,4"
"Kongsberg,3 303,28 848,599 425,""20,8"",735,16 334,57,491,13 814,48,244,2 520,9"
"Ringerike,3 305,31 581,106 469,""3,4"",322,8 391,27,322,8 391,27,,,"
"Hole,3 310,6 989,15 300,""2,2"",91,1 944,28,90,1 910,27,1,34,0"
"Lier,3 312,28 470,98 609,""3,5"",173,4 339,15,171,4 305,15,2,34,0"
"Øvre Eiker,3 314,20 779,93 004,""4,5"",572,14 587,70,572,14 587,70,,,"
"Modum,3 316,14 665,23 468,""1,6"",79,2 070,14,73,1 882,13,6,188,1"
"Krødsherad,3 318,2 241,3 978,""1,8"",37,757,34,37,757,34,,,"
"Flå,3 320,1 115,4 280,""3,8"",56,415,37,40,335,30,16,80,7"
"Nesbyen,3 322,3 301,26 011,""7,9"",87,1 480,45,87,1 480,45,,,"
"Gol,3 324,4 986,24 600,""4,9"",114,2 583,52,113,2 528,51,1,55,1"
"Hemsedal,3 326,2 666,15 763,""5,9"",83,1 617,61,49,904,34,34,713,27"
"Ål,3 328,5 007,50 974,""10,2"",44,1 480,30,43,1 465,29,1,15,0"
Hol,3 330,4 496,44 780,10,319,10 842,241,274,4 674,104,45,6 168,137
"Sigdal,3 332,3 526,8 932,""2,5"",7,279,8,7,279,8,,,"
"Flesberg,3 334,2 781,1 000,""0,4"",8,215,8,8,215,8,,,"
"Rollag,3 336,1 395,728,""0,5"",5,140,10,4,100,7,1,40,3"
"Nore og Uvdal,3 338,2 486,5 531,""2,2"",46,554,22,44,492,20,2,62,2"
"Horten,3 901,27 939,162 228,""5,8"",422,11 084,40,264,7 550,27,158,3 534,13"
"Holmestrand,3 903,26 872,138 086,""5,1"",420,9 370,35,327,7 274,27,93,2 096,8"
"Tønsberg og Færder,3 905,86 675,305 611,""3,5"",443,14 987,17,286,11 915,14,157,3 072,4"
"Sandefjord,3 907,66 231,250 599,""3,8"",425,12 521,19,381,11 187,17,44,1 334,2"
"Larvik,3 909,48 715,220 973,""4,5"",819,16 149,33,701,13 089,27,118,3 060,6"
"Porsgrunn,4 001,37 193,146 468,""3,9"",216,7 352,20,177,6 507,17,39,845,2"
"Skien,4 003,56 619,155 038,""2,7"",347,15 747,28,339,15 450,27,8,297,1"
"Notodden,4 005,13 266,72 949,""5,5"",197,9 016,68,188,7 334,55,9,1 682,13"
Siljan,4 010,2 382,2 406,1,15,545,23,15,545,23,,,
"Bamble,4 012,14 269,36 630,""2,6"",124,2 893,20,107,2 713,19,17,180,1"
"Kragerø,4 014,10 445,43 230,""4,1"",133,3 541,34,127,3 392,32,6,149,1"
"Drangedal,4 016,4 086,16 043,""3,9"",10,141,3,10,141,3,,,"
"Nome,4 018,6 539,30 437,""4,7"",79,1 119,17,45,780,12,34,339,5"
"Midt-Telemark,4 020,10 904,29 149,""2,7"",79,854,8,77,819,8,2,35,0"
"Seljord,4 022,2 979,11 078,""3,7"",42,1 198,40,42,1 198,40,,,"
"Hjartdal,4 024,1 630,1 827,""1,1"",70,452,28,14,115,7,56,337,21"
"Tinn,4 026,5 533,12 438,""2,2"",48,1 236,22,41,1 116,20,7,120,2"
"Kviteseid,4 028,2 458,3 000,""1,2"",,,,,,,,,"
"Nissedal,4 030,1 471,1 550,""1,1"",38,570,39,33,515,35,5,55,4"
Fyresdal,4 032,1 256,6 320,5,17,219,17,16,187,15,1,32,3
Tokke,4 034,2 212,19 987,9,48,2 053,93,48,2 053,93,,,
"Vinje,4 036,3 851,8 095,""2,1"",92,1 294,34,92,1 294,34,,,"
"Risør,4 201,6 825,36 177,""5,3"",139,3 472,51,126,2 702,40,13,770,11"
Grimstad,4 202,24 969,150 920,6,265,9 512,38,252,9 442,38,13,70,0
"Arendal,4 203,46 355,172 474,""3,7"",420,10 028,22,300,8 717,19,120,1 311,3"
"Kristiansand,4 204,116 986,536 977,""4,6"",772,23 936,20,600,17 384,15,172,6 552,6"
"Lindesnes,4 205,23 690,97 978,""4,1"",76,2 443,10,50,1 703,7,26,740,3"
"Farsund,4 206,9 876,31 586,""3,2"",16,579,6,15,518,5,1,61,1"
"Flekkefjord,4 207,9 279,60 000,""6,5"",80,2 406,26,67,1 891,20,13,515,6"
"Gjerstad,4 211,2 444,4 385,""1,8"",44,590,24,34,490,20,10,100,4"
"Vegårshei,4 212,2 268,6 300,""2,8"",72,1 378,61,72,1 378,61,,,"
"Tvedestrand,4 213,6 323,18 278,""2,9"",96,3 801,60,82,3 201,51,14,600,9"
"Froland,4 214,6 236,24 574,""3,9"",77,1 464,23,70,1 410,23,7,54,1"
"Lillesand,4 215,11 523,35 544,""3,1"",120,3 916,34,117,3 796,33,3,120,1"
"Birkenes,4 216,5 480,13 000,""2,4"",14,281,5,14,281,5,,,"
"Åmli,4 217,1 802,2 573,""1,4"",2,32,2,2,32,2,,,"
"Iveland,4 218,1 380,1 660,""1,2"",10,120,9,,,,10,120,9"
"Evje og Hornnes,4 219,3 967,10 570,""2,7"",14,182,5,14,182,5,,,"
"Bygland,4 220,1 180,1 992,""1,7"",6,48,4,6,48,4,,,"
Valle,4 221,1 205,7 280,6,46,518,43,46,518,43,,,
Bykle,4 222,1 011,,,9,,,9,,,,,
"Vennesla,4 223,15 452,84 552,""5,5"",59,790,5,59,790,5,,,"
"Åseral,4 224,923,7 300,""7,9"",31,658,71,30,628,68,1,30,3"
"Lyngdal,4 225,10 835,89 909,""8,3"",72,2 117,20,72,2 117,20,,,"
Hægebostad,4 226,1 776,10 720,6,81,2 247,127,73,2 072,117,8,175,10
"Kvinesdal,4 227,6 192,15 288,""2,5"",46,869,14,46,869,14,,,"
"Sirdal,4 228,1 873,4 014,""2,1"",69,810,43,60,747,40,9,63,3"
"Eigersund,1 101,15 221,38 300,""2,5"",70,1 020,7,70,1 020,7,,,"
"Stavanger,1 103,149 048,1 367 903,""9,2"",2 335,67 292,45,1 684,56 751,38,651,10 541,7"
"Haugesund,1 106,38 292,302 367,""7,9"",675,39 994,104,516,27 935,73,159,12 059,31"
"Sandnes,1 108,83 702,245 065,""2,9"",615,18 426,22,564,18 151,22,51,275,0"
"Sokndal,1 111,3 347,15 200,""4,5"",,,,,,,,,"
"Lund,1 112,3 226,15 722,""4,9"",47,1 620,50,47,1 620,50,,,"
"Bjerkreim,1 114,2 892,8 971,""3,1"",69,1 221,42,69,1 221,42,,,"
"Hå,1 119,19 827,131 670,""6,6"",288,5 355,27,281,5 113,26,7,242,1"
"Klepp,1 120,20 900,70 146,""3,4"",218,3 578,17,213,3 561,17,5,17,0"
"Time,1 121,19 910,98 419,""4,9"",195,8 442,42,161,6 558,33,34,1 884,9"
"Gjesdal,1 122,12 362,34 000,""2,8"",231,5 959,48,231,5 959,48,,,"
"Sola,1 124,28 685,120 743,""4,2"",274,14 969,52,265,13 932,49,9,1 037,4"
"Randaberg,1 127,11 742,62 013,""5,3"",144,3 573,30,70,2 730,23,74,843,7"
"Strand,1 130,13 703,65 455,""4,8"",95,3 222,24,95,3 222,24,,,"
"Hjelmeland,1 133,2 643,7 330,""2,8"",77,1 355,51,34,905,34,43,450,17"
"Suldal,1 134,3 889,20 835,""5,4"",174,2 454,63,90,1 689,43,84,765,20"
"Sauda,1 135,4 572,26 670,""5,8"",32,522,11,23,447,10,9,75,2"
"Kvitsøy,1 144,544,795,""1,5"",17,110,20,17,110,20,,,"
"Bokn,1 145,883,5 135,""5,8"",80,1 525,173,75,1 413,160,5,112,13"
"Tysvær,1 146,11 570,91 822,""7,9"",279,9 971,86,225,9 558,83,54,413,4"
"Karmøy,1 149,43 306,104 803,""2,4"",411,12 666,29,404,12 640,29,7,26,0"
"Utsira,1 151,215,2 376,""11,1"",22,304,141,22,304,141,,,"
"Vindafjord,1 160,8 938,38 614,""4,3"",269,4 817,54,269,4 817,54,,,"
"Bergen,4 601,291 940,1 113 855,""3,8"",3 540,77 612,27,3 201,68 224,23,339,9 388,3"
"Kinn,4 602,17 349,43 530,""2,5"",62,1 873,11,59,1 819,10,3,54,0"
"Etne,4 611,4 072,26 186,""6,4"",201,5 262,129,200,5 222,128,1,40,1"
"Sveio,4 612,5 742,20 002,""3,5"",111,1 914,33,105,1 838,32,6,76,1"
"Bømlo,4 613,12 268,30 260,""2,5"",186,4 438,36,172,3 841,31,14,597,5"
"Stord,4 614,19 287,34 466,""1,8"",191,6 157,32,169,5 488,28,22,669,3"
"Fitjar,4 615,3 203,7 980,""2,5"",57,1 798,56,57,1 798,56,,,"
"Tysnes,4 616,2 922,7 425,""2,5"",22,486,17,21,451,15,1,35,1"
"Kvinnherad,4 617,13 089,73 965,""5,7"",180,5 425,41,168,5 025,38,12,400,3"
"Ullensvang,4 618,11 017,61 675,""5,6"",284,7 427,67,224,6 627,60,60,800,7"
"Eidfjord,4 619,968,1 146,""1,2"",14,105,11,13,90,9,1,15,2"
"Ulvik,4 620,1 089,1 729,""1,6"",27,535,49,27,535,49,,,"
"Voss,4 621,16 471,76 840,""4,7"",118,3 646,22,111,3 398,21,7,248,2"
"Kvam,4 622,8 496,28 031,""3,3"",130,2 587,30,124,2 542,30,6,45,1"
"Samnanger,4 623,2 502,10 141,""4,1"",108,2 555,102,98,2 126,85,10,429,17"
"Bjørnafjorden,4 624,26 080,45 047,""1,7"",214,5 200,20,101,3 498,13,113,1 702,7"
"Austevoll,4 625,5 300,16 990,""3,2"",210,3 515,66,179,2 941,55,31,574,11"
"Øygarden,4 626,39 768,125 659,""3,2"",500,11 792,30,262,8 270,21,238,3 522,9"
"Askøy,4 627,30 145,80 000,""2,7"",268,7 417,25,206,5 835,19,62,1 582,5"
"Vaksdal,4 628,3 852,2 608,""0,7"",19,187,5,19,187,5,,,"
Modalen,4 629,384,765,2,20,565,147,15,395,103,5,170,44
Osterøy,4 630,8 200,24 987,3,88,2 717,33,54,1 839,22,34,878,11
"Alver,4 631,29 986,116 358,""3,9"",331,6 831,23,316,6 520,22,15,311,1"
"Austrheim,4 632,2 881,6 872,""2,4"",45,1 615,56,32,1 337,46,13,278,10"
"Fedje,4 633,519,2 250,""4,3"",41,550,106,9,230,44,32,320,62"
"Masfjorden,4 634,1 694,5 169,""3,1"",94,1 052,62,91,976,58,3,76,4"
"Gulen,4 635,2 234,1 750,""0,8"",5,85,4,5,85,4,,,"
"Solund,4 636,750,1 600,""2,1"",,,,,,,,,"
"Hyllestad,4 637,1 268,3 216,""2,5"",18,490,39,6,190,15,12,300,24"
"Høyanger,4 638,3 879,14 782,""3,8"",36,2 855,74,24,1 741,45,12,1 114,29"
"Vik,4 639,2 551,11 000,""4,3"",65,2 068,81,65,2 068,81,,,"
"Sogndal,4 640,12 319,102 053,""8,3"",259,5 539,45,257,5 493,45,2,46,0"
Aurland,4 641,1 800,8 944,5,73,1 198,67,33,598,33,40,600,33
Lærdal,4 642,2 160,6 478,3,75,1 066,49,53,914,42,22,152,7
"Årdal,4 643,5 239,31 859,""6,1"",102,3 200,61,102,3 200,61,,,"
"Luster,4 644,5 371,26 000,""4,8"",71,1 557,29,52,1 370,26,19,187,3"
"Askvoll,4 645,2 986,4 341,""1,5"",8,261,9,7,241,8,1,20,1"
"Fjaler,4 646,2 869,8 844,""3,1"",22,380,13,22,380,13,,,"
"Sunnfjord,4 647,22 450,98 268,""4,4"",406,9 600,43,396,9 483,42,10,117,1"
"Bremanger,4 648,3 392,7 050,""2,1"",115,1 083,32,111,1 026,30,4,57,2"
"Stad,4 649,9 610,46 688,""4,9"",46,1 285,13,25,1 034,11,21,251,3"
"Gloppen,4 650,5 926,40 000,""6,7"",84,1 145,19,67,1 070,18,17,75,1"
"Stryn,4 651,7 271,55 613,""7,6"",111,3 293,45,109,3 268,45,2,25,0"
"Kristiansund,1 505,24 404,71 065,""2,9"",225,5 457,22,196,4 596,19,29,861,4"
"Molde,1 506,32 816,103 233,""3,1"",284,4 917,15,284,4 917,15,,,"
"Ålesund,1 508,58 509,207 211,""3,5"",610,13 522,23,589,13 028,22,21,494,1"
"Vanylven,1 511,3 026,2 560,""0,8"",8,280,9,7,215,7,1,65,2"
"Sande (Møre og Romsdal),1 514,2 438,3 370,""1,4"",8,210,9,8,210,9,,,"
"Herøy (Møre og Romsdal),1 515,8 968,12 514,""1,4"",67,1 590,18,64,1 565,17,3,25,0"
"Ulstein,1 516,8 861,46 444,""5,2"",228,4 215,48,84,2 153,24,144,2 062,23"
"Hareid,1 517,5 322,24 604,""4,6"",150,4 175,78,108,2 980,56,42,1 195,22"
"Ørsta,1 520,10 958,26 241,""2,4"",50,1 446,13,50,1 446,13,,,"
"Stranda,1 525,4 348,5 815,""1,3"",7,370,9,7,370,9,,,"
"Sykkylven,1 528,7 617,33 740,""4,4"",103,1 319,17,102,1 289,17,1,30,0"
"Sula,1 531,9 720,26 673,""2,7"",129,3 473,36,117,3 160,33,12,313,3"
"Giske,1 532,8 691,11 292,""1,3"",47,1 316,15,26,663,8,21,653,8"
"Vestnes,1 535,7 147,51 438,""7,2"",135,2 686,38,115,1 981,28,20,705,10"
"Rauma,1 539,7 299,21 278,""2,9"",174,3 882,53,164,3 525,48,10,357,5"
"Aukra,1 547,3 678,12 000,""3,3"",32,1 242,34,26,1 012,28,6,230,6"
"Averøy,1 554,5 955,6 708,""1,1"",98,2 293,39,84,2 245,38,14,48,1"
"Gjemnes,1 557,2 700,3 855,""1,4"",19,234,9,19,234,9,,,"
"Tingvoll,1 560,3 041,10 907,""3,6"",240,3 010,99,240,3 010,99,,,"
"Sunndal,1 563,7 227,37 000,""5,1"",158,4 735,66,155,4 546,63,3,189,3"
"Surnadal,1 566,5 953,13 098,""2,2"",64,1 181,20,54,1 130,19,10,51,1"
"Smøla,1 573,2 159,21 050,""9,7"",30,1 407,65,27,1 207,56,3,200,9"
"Aure,1 576,3 408,5 968,""1,8"",19,510,15,19,510,15,,,"
"Volda,1 577,11 093,32 669,""2,9"",123,2 357,21,117,2 264,20,6,93,1"
"Fjord,1 578,2 492,4 424,""1,8"",132,1 693,68,44,598,24,88,1 095,44"
"Hustadvika,1 579,13 437,21 608,""1,6"",86,1 406,10,78,1 307,10,8,99,1"
"Haram,1 580,9 357,29 881,""3,2"",140,3 400,36,137,3 386,36,3,14,0"
"Trondheim - Tråante,5 001,214 565,1 035 237,""4,8"",1 570,56 060,26,1 409,42 303,20,161,13 757,6"
"Steinkjer,5 006,24 032,181 735,""7,6"",659,10 719,45,607,10 213,42,52,506,2"
"Namsos - Nåavmesjenjaelmie,5 007,15 083,39 000,""2,6"",494,11 464,76,488,11 366,75,6,98,1"
"Frøya,5 014,5 453,22 832,""4,2"",47,1 441,26,39,928,17,8,513,9"
"Osen,5 020,898,314,""0,3"",7,111,12,7,111,12,,,"
"Oppdal,5 021,7 389,32 200,""4,4"",170,4 730,64,152,4 300,58,18,430,6"
"Rennebu,5 022,2 484,15 405,""6,2"",33,875,35,33,875,35,,,"
"Røros - Rosse,5 025,5 685,39 000,""6,9"",159,6 917,122,159,6 917,122,,,"
"Holtålen,5 026,2 035,23 776,""11,7"",201,3 185,157,201,3 185,157,,,"
"Midtre Gauldal,5 027,6 140,21 257,""3,5"",85,1 556,25,45,1 176,19,40,380,6"
"Melhus,5 028,17 560,77 067,""4,4"",224,5 516,31,224,5 516,31,,,"
"Skaun,5 029,8 484,35 000,""4,1"",117,4 615,54,117,4 615,54,,,"
"Malvik,5 031,14 783,43 136,""2,9"",116,2 670,18,112,2 533,17,4,137,1"
"Selbu,5 032,4 216,16 598,""3,9"",35,558,13,35,558,13,,,"
Tydal,5 033,773,15 447,20,211,2 443,316,211,2 443,316,,,
Meråker,5 034,2 454,61 280,25,67,1 807,74,29,1 265,52,38,542,22
"Stjørdal,5 035,24 717,104 747,""4,2"",219,4 891,20,203,4 571,18,16,320,1"
"Frosta,5 036,2 645,15 604,""5,9"",54,1 619,61,42,1 274,48,12,345,13"
Levanger - Levangke,5 037,20 574,60 918,3,235,3 677,18,198,2 839,14,37,838,4
"Verdal,5 038,15 193,54 360,""3,6"",282,5 344,35,279,5 292,35,3,52,0"
Snåase - Snåsa,5 041,2 114,8 415,4,49,808,38,23,420,20,26,388,18
Lierne,5 042,1 301,6 500,5,44,888,68,43,876,67,1,12,1
"Raarvihke - Røyrvik,5 043,423,2 413,""5,7"",55,563,133,55,563,133,,,"
"Namsskogan,5 044,810,500,""0,6"",1,50,6,1,50,6,,,"
"Grong,5 045,2 322,22 162,""9,5"",59,2 320,100,58,2 264,98,1,56,2"
"Høylandet,5 046,1 222,16 475,""13,5"",120,2 199,180,119,2 174,178,1,25,2"
"Overhalla,5 047,3 924,29 698,""7,6"",71,1 686,43,71,1 686,43,,,"
Flatanger,5 049,1 116,3 400,3,129,1 233,110,129,1 233,110,,,
"Leka,5 052,604,3 308,""5,5"",16,287,48,13,218,36,3,69,11"
"Inderøy,5 053,6 938,70 770,""10,2"",146,1 693,24,78,1 188,17,68,505,7"
"Indre Fosen,5 054,10 023,43 000,""4,3"",20,448,4,6,281,3,14,167,2"
"Heim,5 055,6 093,16 127,""2,6"",49,2 213,36,40,1 903,31,9,310,5"
"Hitra,5 056,5 323,28 399,""5,3"",239,2 919,55,180,2 714,51,59,205,4"
"Ørland,5 057,10 522,70 788,""6,7"",180,6 136,58,141,5 316,51,39,820,8"
Åfjord,5 058,4 339,,,98,2 125,49,94,1 938,45,4,187,4
"Orkland,5 059,18 793,46 609,""2,5"",217,3 698,20,124,2 720,14,93,978,5"
"Nærøysund,5 060,9 968,35 000,""3,5"",192,5 407,54,189,5 042,51,3,365,4"
"Rindal,5 061,1 958,12 500,""6,4"",3,95,5,3,95,5,,,"
"Bodø,1 804,53 712,360 000,""6,7"",1 015,39 231,73,822,29 402,55,193,9 829,18"
"Narvik,1 806,21 580,155 527,""7,2"",321,10 765,50,253,8 218,38,68,2 547,12"
Bindal,1 811,1 399,,,15,150,11,13,125,9,2,25,2
"Sømna,1 812,1 976,2 300,""1,2"",4,145,7,4,145,7,,,"
"Brønnøy,1 813,7 826,13 319,""1,7"",34,689,9,34,689,9,,,"
"Vega,1 815,1 208,10 000,""8,3"",37,553,46,34,409,34,3,144,12"
"Vevelstad,1 816,480,1 152,""2,4"",25,382,80,19,351,73,6,31,6"
"Herøy (Nordland),1 818,1 842,12 500,""6,8"",375,5 820,316,335,5 670,308,40,150,8"
"Alstahaug,1 820,7 421,120 500,""16,2"",137,5 691,77,114,4 182,56,23,1 509,20"
"Leirfjord,1 822,2 352,3 200,""1,4"",21,667,28,21,667,28,,,"
"Vefsn,1 824,13 469,32 866,""2,4"",85,2 934,22,72,2 284,17,13,650,5"
"Grane,1 825,1 447,2 797,""1,9"",42,612,42,42,612,42,,,"
Aarborte - Hattfjelldal,1 826,1 284,1 266,1,25,318,25,25,318,25,,,
"Dønna,1 827,1 427,9 420,""6,6"",206,2 863,201,189,2 483,174,17,380,27"
Nesna,1 828,1 808,10 780,6,165,2 785,154,164,2 765,153,1,20,1
"Hemnes,1 832,4 485,2 748,""0,6"",17,905,20,17,905,20,,,"
"Rana - Raane,1 833,25 994,85 000,""3,3"",121,4 013,15,94,3 707,14,27,306,1"
"Lurøy,1 834,1 886,500,""0,3"",,,,,,,,,"
"Træna,1 835,442,1 500,""3,4"",25,457,103,25,457,103,,,"
"Rødøy,1 836,1 139,1 344,""1,2"",19,316,28,16,164,14,3,152,13"
"Meløy,1 837,6 180,15 886,""2,6"",94,2 453,40,90,2 355,38,4,98,2"
"Gildeskål,1 838,1 958,7 028,""3,6"",21,974,50,21,974,50,,,"
"Beiarn,1 839,1 062,1 000,""0,9"",39,459,43,38,454,43,1,5,0"
"Saltdal,1 840,4 880,18 346,""3,8"",97,2 414,49,97,2 414,49,,,"
"Fauske - Fuossko,1 841,9 827,4 544,""0,5"",38,898,9,30,731,7,8,167,2"
"Sørfold - Fuolldá,1 845,1 858,1 973,""1,1"",26,477,26,18,387,21,8,90,5"
"Steigen,1 848,2 672,4 110,""1,5"",133,2 168,81,105,1 794,67,28,374,14"
"Lødingen,1 851,2 060,5 406,""2,6"",49,320,16,48,310,15,1,10,0"
"Evenes - Evenássi,1 853,1 330,1 100,""0,8"",2,40,3,2,40,3,,,"
"Røst,1 856,460,500,""1,1"",6,85,18,6,85,18,,,"
"Værøy,1 857,683,864,""1,3"",28,227,33,28,227,33,,,"
"Flakstad,1 859,1 229,958,""0,8"",6,109,9,4,74,6,2,35,3"
"Vestvågøy,1 860,11 619,119 222,""10,3"",167,6 992,60,157,6 151,53,10,841,7"
"Vågan,1 865,9 793,31 112,""3,2"",128,2 528,26,108,2 323,24,20,205,2"
"Hadsel,1 866,8 236,10 000,""1,2"",47,278,3,46,248,3,1,30,0"
"Bø,1 867,2 634,7 590,""2,9"",65,502,19,65,502,19,,,"
Øksnes,1 868,4 569,8 948,2,20,806,18,10,615,13,10,191,4
"Sortland - Suortá,1 870,10 618,63 000,""5,9"",455,12 804,121,203,4 704,44,252,8 100,76"
"Andøy,1 871,4 553,19 000,""4,2"",121,2 100,46,121,2 100,46,,,"
"Moskenes,1 874,954,750,""0,8"",10,35,4,10,35,4,,,"
"Hábmer - Hamarøy,1 875,2 729,10 057,""3,7"",20,484,18,20,484,18,,,"
"Tromsø,5 501,78 745,506 491,""6,4"",1 051,23 229,29,939,19 849,25,112,3 380,4"
"Harstad - Hárstták,5 503,25 056,111 385,""4,4"",521,32 274,129,358,8 022,32,163,24 252,97"
"Kvæfjord,5 510,2 845,7 640,""2,7"",114,1 983,70,114,1 983,70,,,"
"Dielddanuorri - Tjeldsund,5 512,4 281,11 615,""2,7"",39,533,12,39,533,12,,,"
"Ibestad,5 514,1 311,4 000,""3,1"",76,1 029,78,73,1 012,77,3,17,1"
"Gratangen - Rivtták,5 516,1 070,932,""0,9"",11,304,28,11,304,28,,,"
Loabák - Lavangen,5 518,986,,,15,333,34,15,333,34,,,
"Bardu,5 520,3 986,6 750,""1,7"",41,979,25,15,329,8,26,650,16"
"Salangen,5 522,2 069,5 723,""2,8"",46,314,15,2,51,2,44,263,13"
"Målselv,5 524,6 714,32 428,""4,8"",23,1 356,20,23,1 356,20,,,"
"Sørreisa,5 526,3 485,17 000,""4,9"",27,623,18,27,623,18,,,"
"Dyrøy,5 528,1 073,3 782,""3,5"",25,793,74,25,793,74,,,"
"Senja,5 530,14 894,69 200,""4,6"",253,3 748,25,174,3 230,22,79,518,3"
"Balsfjord,5 532,5 571,3 951,""0,7"",52,1 006,18,52,1 006,18,,,"
"Karlsøy,5 534,2 237,10 023,""4,5"",2,75,3,2,75,3,,,"
"Lyngen,5 536,2 743,4 129,""1,5"",113,230,8,93,230,8,20,,"
"Storfjord - Omasvuotna - Omasvuono,5 538,1 825,3 524,""1,9"",109,1 132,62,96,1 034,57,13,98,5"
"Gáivuotna - Kåfjord - Kaivuono,5 540,1 974,4 200,""2,1"",64,1 741,88,58,1 567,79,6,174,9"
"Skjervøy,5 542,2 794,6 581,""2,4"",89,1 286,46,84,1 257,45,5,29,1"
"Nordreisa - Ráisa - Raisi,5 544,4 794,15 578,""3,2"",83,2 815,59,74,2 531,53,9,284,6"
Kvænangen,5 546,1 157,,,47,785,68,45,743,64,2,42,4
"Alta,5 601,21 708,70 857,""3,3"",313,6 208,29,286,5 821,27,27,387,2"
"Hammerfest - Hámmerfeasta,5 603,11 338,40 363,""3,6"",204,2 568,23,85,1 830,16,119,738,7"
"Sør-Varanger,5 605,10 063,46 362,""4,6"",171,4 844,48,121,4 311,43,50,533,5"
"Vadsø,5 607,5 807,26 125,""4,5"",88,3 404,59,77,2 970,51,11,434,7"
"Kárásjohka - Karasjok,5 610,2 565,3 000,""1,2"",25,312,12,14,242,9,11,70,3"
"Guovdageaidnu - Kautokeino,5 612,2 848,4 005,""1,4"",84,901,32,84,901,32,,,"
Loppa,5 614,864,835,1,10,206,24,1,19,2,9,187,22
"Hasvik,5 616,979,700,""0,7"",15,80,8,6,30,3,9,50,5"
"Måsøy,5 618,1 113,3 778,""3,4"",58,1 038,93,54,953,86,4,85,8"
Nordkapp,5 620,2 951,17 670,6,20,417,14,18,413,14,2,4,0
"Porsanger - Porsángu - Porsanki,5 622,3 889,9 723,""2,5"",83,2 161,56,71,1 541,40,12,620,16"
"Lebesby,5 624,1 215,1 836,""1,5"",162,2 546,210,115,1 242,102,47,1 304,107"
"Gamvik,5 626,1 070,4 456,""4,2"",32,828,77,32,828,77,,,"
"Deatnu - Tana,5 628,2 807,3 829,""1,4"",54,487,17,49,452,16,5,35,1"
"Berlevåg,5 630,892,809,""0,9"",11,15,2,11,15,2,,,"
"Båtsfjord,5 632,2 113,7 453,""3,5"",3,111,5,3,111,5,,,"
"Vardø,5 634,1 972,1 028,""0,5"",5,100,5,5,100,5,,,"
"Unjárga - Nesseby,5 636,859,1 461,""1,7"",26,419,49,10,213,25,16,206,24"
"Longyearbyen,2 100,2 617,31 189,""11,9"",191,5 120,196,147,4 783,183,44,337,13"
